{"part": "2", "K": 20, "Precision": 0.5986210629613429, "Recall": 0.758900546585868, "NDCG": 0.6864499017385457, "RMSE": 1.230311632156372}