{"part": "a", "K": 20, "Precision": 0.5799575821845174, "Recall": 0.9904559915164369, "NDCG": 0.8392654966787851, "RMSE": 1.1716387271881104}