{"part": "5", "K": 20, "Precision": 0.5946130575244767, "Recall": 0.8214455082633321, "NDCG": 0.7766718974200574, "RMSE": 1.1276793479919434}