{"part": "1", "K": 20, "Precision": 0.5983487749696091, "Recall": 0.6746323637124542, "NDCG": 0.6111855374854681, "RMSE": 1.2534984350204468}