{"part": "4", "K": 20, "Precision": 0.5984786569863836, "Recall": 0.8271508785860565, "NDCG": 0.769405521940791, "RMSE": 1.124051570892334}