{"part": "b", "K": 20, "Precision": 0.5758218451749735, "Recall": 0.9946977730646872, "NDCG": 0.8364279572114683, "RMSE": 1.2042869329452515}