{"part": "3", "K": 20, "Precision": 0.5976259785959737, "Recall": 0.8208665629782865, "NDCG": 0.7435749018265584, "RMSE": 1.1883283853530884}