{"part": "1", "K": 20, "Precision": 0.8042333909979327, "Recall": 0.841894383696702, "NDCG": 0.8112371751703118, "RMSE": 1.250827431678772}